{
  "project_info": {
    "project_number": "137646283501",
    "firebase_url": "https://alnahla-c249d.firebaseio.com",
    "project_id": "alnahla-c249d",
    "storage_bucket": "alnahla-c249d.appspot.com"
  },
  "client": [
    {
      "client_info": {
        "mobilesdk_app_id": "1:137646283501:android:e37720d6c20f5fbb",
        "android_client_info": {
          "package_name": "com.alnahla"
        }
      },
      "oauth_client": [
        {
          "client_id": "137646283501-rrqdt4nbs24lp4fp13jot5r1bjl132bq.apps.googleusercontent.com",
          "client_type": 1,
          "android_info": {
            "package_name": "com.alnahla",
            "certificate_hash": "54fb0a6a41d5f20b030afc5208596761501cd47a"
          }
        },
        {
          "client_id": "137646283501-24um0ieqjqk9k92de4ap2vsb76pks3li.apps.googleusercontent.com",
          "client_type": 3
        }
      ],
      "api_key": [
        {
          "current_key": "AIzaSyDto3nglPkJvCgsC7mtpoAoEjxHeFB2PCs"
        }
      ],
      "services": {
        "analytics_service": {
          "status": 1
        },
        "appinvite_service": {
          "status": 2,
          "other_platform_oauth_client": [
            {
              "client_id": "137646283501-24um0ieqjqk9k92de4ap2vsb76pks3li.apps.googleusercontent.com",
              "client_type": 3
            }
          ]
        },
        "ads_service": {
          "status": 2
        }
      }
    }
  ],
  "configuration_version": "1"
}